country,year,co2,co2_per_capita,co2_5yr_rolling_mean,co2_lag1,co2_lag2,co2_lag3,co2_yoy_pct_change,ghg_intensity
Australia,1990,278.061,16.236,,,,,,0.0
Australia,1991,279.437,16.103,,278.061,,,0.4949,0.0
Australia,1992,284.433,16.208,,279.437,278.061,,1.7879,0.0
Australia,1993,288.78,16.294,,284.433,279.437,278.061,1.5283,0.0
Australia,1994,293.613,16.405,284.8648,288.78,284.433,279.437,1.6736,0.0
Australia,1995,304.962,16.853,290.245,293.613,288.78,284.433,3.8653,0.0
Australia,1996,311.851,17.036,296.7278,304.962,293.613,288.78,2.259,0.0
Australia,1997,320.243,17.306,303.8898,311.851,304.962,293.613,2.691,0.0
Australia,1998,334.038,17.861,312.9414,320.243,311.851,304.962,4.3077,0.0
Australia,1999,343.876,18.185,322.994,334.038,320.243,311.851,2.9452,0.0
Australia,2000,349.898,18.288,331.9812,343.876,334.038,320.243,1.7512,0.0
Australia,2001,357.668,18.469,341.1446,349.898,343.876,334.038,2.2206,0.0
Australia,2002,362.425,18.495,349.581,357.668,349.898,343.876,1.33,0.0
Australia,2003,370.784,18.708,356.9302,362.425,357.668,349.898,2.3064,0.0
Australia,2004,382.005,19.056,364.556,370.784,362.425,357.668,3.0263,0.0
Australia,2005,385.082,18.975,371.5928,382.005,370.784,362.425,0.8055,0.0
Australia,2006,391.373,19.007,378.3338,385.082,382.005,370.784,1.6337,0.0
Australia,2007,398.896,19.036,385.628,391.373,385.082,382.005,1.9222,0.0
Australia,2008,404.279,18.918,392.327,398.896,391.373,385.082,1.3495,0.0
Australia,2009,406.977,18.683,397.3214,404.279,398.896,391.373,0.6674,0.0
Australia,2010,405.026,18.293,401.3102,406.977,404.279,398.896,-0.4794,0.0
Australia,2011,403.874,17.966,403.8104,405.026,406.977,404.279,-0.2844,0.0
Australia,2012,405.005,17.722,405.0322,403.874,405.026,406.977,0.28,0.0
Australia,2013,397.85,17.122,403.7464,405.005,403.874,405.026,-1.7666,0.0
Australia,2014,392.61,16.639,400.873,397.85,405.005,403.874,-1.3171,0.0
Australia,2015,400.589,16.727,399.9856,392.61,397.85,405.005,2.0323,0.0
Australia,2016,409.666,16.838,401.144,400.589,392.61,397.85,2.2659,0.0
Australia,2017,413.408,16.716,402.8246,409.666,400.589,392.61,0.9134,0.0
Australia,2018,414.781,16.512,406.2108,413.408,409.666,400.589,0.3321,0.0
Australia,2019,414.925,16.283,410.6738,414.781,413.408,409.666,0.0347,0.0
Australia,2020,398.547,15.481,410.2654,414.925,414.781,413.408,-3.9472,0.0
Australia,2021,388.472,14.966,406.0266,398.547,414.925,414.781,-2.5279,0.0
Australia,2022,384.078,14.659,400.1606,388.472,398.547,414.925,-1.1311,0.0
Australia,2023,384.316,14.529,394.0676,384.078,388.472,398.547,0.062,
Australia,2024,386.732,14.477,388.429,384.316,384.078,388.472,0.6286,
Brazil,1990,218.658,1.466,,,,,,0.0
Brazil,1991,229.394,1.512,,218.658,,,4.91,0.0
Brazil,1992,233.601,1.514,,229.394,218.658,,1.834,0.0
Brazil,1993,244.306,1.558,,233.601,229.394,218.658,4.5826,0.0
Brazil,1994,254.002,1.595,235.9922,244.306,233.601,229.394,3.9688,0.0
Brazil,1995,268.678,1.661,245.9962,254.002,244.306,233.601,5.7779,0.0
Brazil,1996,289.311,1.762,257.9796,268.678,254.002,244.306,7.6795,0.0
Brazil,1997,306.949,1.842,272.6492,289.311,268.678,254.002,6.0966,0.0
Brazil,1998,317.359,1.876,287.2598,306.949,289.311,268.678,3.3914,0.0
Brazil,1999,327.256,1.907,301.9106,317.359,306.949,289.311,3.1186,0.0
Brazil,2000,340.183,1.955,316.2116,327.256,317.359,306.949,3.9501,0.0
Brazil,2001,346.166,1.963,327.5826,340.183,327.256,317.359,1.7588,0.0
Brazil,2002,347.765,1.948,335.7458,346.166,340.183,327.256,0.4619,0.0
Brazil,2003,344.645,1.908,341.203,347.765,346.166,340.183,-0.8972,0.0
Brazil,2004,361.434,1.979,348.0386,344.645,347.765,346.166,4.8714,0.0
Brazil,2005,364.371,1.973,352.8762,361.434,344.645,347.765,0.8126,0.0
Brazil,2006,368.871,1.976,357.4172,364.371,361.434,344.645,1.235,0.0
Brazil,2007,390.573,2.071,365.9788,368.871,364.371,361.434,5.8834,0.0
Brazil,2008,412.638,2.168,379.5774,390.573,368.871,364.371,5.6494,0.0
Brazil,2009,389.775,2.029,385.2456,412.638,390.573,368.871,-5.5407,0.0
Brazil,2010,440.269,2.273,400.4252,389.775,412.638,390.573,12.9547,0.0
Brazil,2011,461.911,2.365,419.0332,440.269,389.775,412.638,4.9156,0.0
Brazil,2012,497.468,2.527,440.4122,461.911,440.269,389.775,7.6978,0.0
Brazil,2013,531.569,2.678,464.1984,497.468,461.911,440.269,6.8549,0.0
Brazil,2014,556.526,2.781,497.5486,531.569,497.468,461.911,4.695,0.0
Brazil,2015,528.174,2.619,515.1296,556.526,531.569,497.468,-5.0945,0.0
Brazil,2016,491.745,2.42,521.0964,528.174,556.526,531.569,-6.8972,0.0
Brazil,2017,497.255,2.429,521.0538,491.745,528.174,556.526,1.1205,0.0
Brazil,2018,476.601,2.312,510.0602,497.255,491.745,528.174,-4.1536,0.0
Brazil,2019,476.724,2.298,494.0998,476.601,497.255,491.745,0.0258,0.0
Brazil,2020,447.999,2.147,478.0648,476.724,476.601,497.255,-6.0255,0.0
Brazil,2021,496.562,2.37,479.0282,447.999,476.724,476.601,10.84,0.0
Brazil,2022,480.058,2.283,475.5888,496.562,447.999,476.724,-3.3237,0.0
Brazil,2023,483.992,2.292,477.067,480.058,496.562,447.999,0.8195,
Brazil,2024,483.012,2.278,478.3246,483.992,480.058,496.562,-0.2025,
China,1990,2483.534,2.153,,,,,,0.0
China,1991,2619.143,2.237,,2483.534,,,5.4603,0.0
China,1992,2731.29,2.306,,2619.143,2483.534,,4.2818,0.0
China,1993,2914.284,2.434,,2731.29,2619.143,2483.534,6.6999,0.0
China,1994,3093.891,2.559,2768.4284,2914.284,2731.29,2619.143,6.163,0.0
China,1995,3351.197,2.747,2941.961,3093.891,2914.284,2731.29,8.3166,0.0
China,1996,3499.311,2.843,3117.9946,3351.197,3093.891,2914.284,4.4197,0.0
China,1997,3512.35,2.83,3274.2066,3499.311,3351.197,3093.891,0.3726,0.0
China,1998,3355.336,2.682,3362.417,3512.35,3499.311,3351.197,-4.4703,0.0
China,1999,3549.949,2.817,3453.6286,3355.336,3512.35,3499.311,5.8001,0.0
China,2000,3643.81,2.87,3512.1512,3549.949,3355.336,3512.35,2.644,0.0
China,2001,3724.114,2.912,3557.1118,3643.81,3549.949,3355.336,2.2038,0.0
China,2002,4098.181,3.185,3674.278,3724.114,3643.81,3549.949,10.0445,0.0
China,2003,4835.251,3.735,3970.261,4098.181,3724.114,3643.81,17.9853,0.0
China,2004,5210.961,4.002,4302.4634,4835.251,4098.181,3724.114,7.7702,0.0
China,2005,5881.991,4.49,4750.0996,5210.961,4835.251,4098.181,12.8773,0.0
China,2006,6486.185,4.921,5302.5138,5881.991,5210.961,4835.251,10.2719,0.0
China,2007,6974.663,5.261,5877.8102,6486.185,5881.991,5210.961,7.5311,0.0
China,2008,7492.404,5.617,6409.2408,6974.663,6486.185,5881.991,7.4232,0.0
China,2009,7881.491,5.871,6943.3468,7492.404,6974.663,6486.185,5.1931,0.0
China,2010,8610.048,6.37,7488.9582,7881.491,7492.404,6974.663,9.2439,0.0
China,2011,9520.153,6.999,8095.7518,8610.048,7881.491,7492.404,10.5703,0.0
China,2012,9767.311,7.132,8654.2814,9520.153,8610.048,7881.491,2.5962,0.0
China,2013,9942.371,7.21,9144.2748,9767.311,9520.153,8610.048,1.7923,0.0
China,2014,9976.027,7.188,9563.182,9942.371,9767.311,9520.153,0.3385,0.0
China,2015,9858.04,7.061,9812.7804,9976.027,9942.371,9767.311,-1.1827,0.0
China,2016,9748.175,6.943,9858.3848,9858.04,9976.027,9942.371,-1.1145,0.0
China,2017,10000.014,7.08,9904.9254,9748.175,9858.04,9976.027,2.5834,0.0
China,2018,10346.79,7.292,9985.8092,10000.014,9748.175,9858.04,3.4678,0.0
China,2019,10713.515,7.526,10133.3068,10346.79,10000.014,9748.175,3.5443,0.0
China,2020,10896.521,7.641,10341.003,10713.515,10346.79,10000.014,1.7082,0.0
China,2021,11284.401,7.911,10648.2482,10896.521,10713.515,10346.79,3.5597,0.0
China,2022,11711.808,8.218,10990.607,11284.401,10896.521,10713.515,3.7876,0.0
China,2023,12172.009,8.556,11355.6508,11711.808,11284.401,10896.521,3.9294,
China,2024,12289.037,8.658,11670.7552,12172.009,11711.808,11284.401,0.9615,
Germany,1990,1054.796,13.233,,,,,,0.0
Germany,1991,1016.93,12.664,,1054.796,,,-3.5899,0.0
Germany,1992,969.464,11.978,,1016.93,1054.796,,-4.6676,0.0
Germany,1993,959.386,11.774,,969.464,1016.93,1054.796,-1.0395,0.0
Germany,1994,943.228,11.535,988.7608,959.386,969.464,1016.93,-1.6842,0.0
Germany,1995,939.934,11.46,965.7884,943.228,959.386,969.464,-0.3492,0.0
Germany,1996,959.69,11.666,954.3404,939.934,943.228,959.386,2.1018,0.0
Germany,1997,931.508,11.306,946.7492,959.69,939.934,943.228,-2.9366,0.0
Germany,1998,923.499,11.261,939.5718,931.508,959.69,939.934,-0.8598,0.0
Germany,1999,895.442,10.963,930.0146,923.499,931.508,959.69,-3.0381,0.0
Germany,2000,898.976,10.99,921.823,895.442,923.499,931.508,0.3947,0.0
Germany,2001,915.255,11.171,912.936,898.976,895.442,923.499,1.8108,0.0
Germany,2002,898.834,10.952,906.4012,915.255,898.976,895.442,-1.7941,0.0
Germany,2003,894.501,10.894,900.6016,898.834,915.255,898.976,-0.4821,0.0
Germany,2004,876.57,10.678,896.8272,894.501,898.834,915.255,-2.0046,0.0
Germany,2005,867.88,10.578,890.608,876.57,894.501,898.834,-0.9914,0.0
Germany,2006,886.434,10.85,884.8438,867.88,876.57,894.501,2.1379,0.0
Germany,2007,846.153,10.408,874.3076,886.434,867.88,876.57,-4.5442,0.0
Germany,2008,856.643,10.561,866.736,846.153,886.434,867.88,1.2397,0.0
Germany,2009,789.984,9.761,849.4188,856.643,846.153,886.434,-7.7814,0.0
Germany,2010,826.705,10.228,841.1838,789.984,856.643,846.153,4.6483,0.0
Germany,2011,804.542,9.95,824.8054,826.705,789.984,856.643,-2.6809,0.0
Germany,2012,814.093,10.061,818.3934,804.542,826.705,789.984,1.1871,0.0
Germany,2013,831.746,10.263,813.414,814.093,804.542,826.705,2.1684,0.0
Germany,2014,792.584,9.74,813.934,831.746,814.093,804.542,-4.7084,0.0
Germany,2015,800.823,9.757,808.7576,792.584,831.746,814.093,1.0395,0.0
Germany,2016,797.988,9.642,807.4468,800.823,792.584,831.746,-0.354,0.0
Germany,2017,784.595,9.441,801.5472,797.988,800.823,792.584,-1.6783,0.0
Germany,2018,758.771,9.101,786.9522,784.595,797.988,800.823,-3.2914,0.0
Germany,2019,708.649,8.481,770.1652,758.771,784.595,797.988,-6.6057,0.0
Germany,2020,647.177,7.739,739.436,708.649,758.771,784.595,-8.6745,0.0
Germany,2021,677.998,8.101,715.438,647.177,708.649,758.771,4.7624,0.0
Germany,2022,667.843,7.942,692.0876,677.998,647.177,708.649,-1.4978,0.0
Germany,2023,593.766,7.023,659.0866,667.843,677.998,647.177,-11.092,
Germany,2024,572.319,6.769,631.8206,593.766,667.843,677.998,-3.612,
India,1990,577.987,0.668,,,,,,0.0
India,1991,615.388,0.696,,577.987,,,6.4709,0.0
India,1992,655.424,0.726,,615.388,577.987,,6.5058,0.0
India,1993,677.262,0.734,,655.424,615.388,577.987,3.3319,0.0
India,1994,714.043,0.759,648.0208,677.262,655.424,615.388,5.4308,0.0
India,1995,760.48,0.792,684.5194,714.043,677.262,655.424,6.5034,0.0
India,1996,823.602,0.841,726.1622,760.48,714.043,677.262,8.3003,0.0
India,1997,857.976,0.859,766.6726,823.602,760.48,714.043,4.1736,0.0
India,1998,875.783,0.86,806.3768,857.976,823.602,760.48,2.0755,0.0
India,1999,961.194,0.926,855.807,875.783,857.976,823.602,9.7525,0.0
India,2000,987.065,0.933,901.124,961.194,875.783,857.976,2.6915,0.0
India,2001,1001.198,0.929,936.6432,987.065,961.194,875.783,1.4318,0.0
India,2002,1032.75,0.941,971.598,1001.198,987.065,961.194,3.1514,0.0
India,2003,1068.398,0.957,1010.121,1032.75,1001.198,987.065,3.4518,0.0
India,2004,1134.611,0.999,1044.8044,1068.398,1032.75,1001.198,6.1974,0.0
India,2005,1195.393,1.035,1086.47,1134.611,1068.398,1032.75,5.3571,0.0
India,2006,1293.321,1.103,1144.8946,1195.393,1134.611,1068.398,8.1921,0.0
India,2007,1393.485,1.17,1217.0416,1293.321,1195.393,1134.611,7.7447,0.0
India,2008,1490.366,1.234,1301.4352,1393.485,1293.321,1195.393,6.9524,0.0
India,2009,1613.328,1.316,1397.1786,1490.366,1393.485,1293.321,8.2505,0.0
India,2010,1678.53,1.35,1493.806,1613.328,1490.366,1393.485,4.0415,0.0
India,2011,1765.695,1.4,1588.2808,1678.53,1613.328,1490.366,5.1929,0.0
India,2012,1926.986,1.507,1694.981,1765.695,1678.53,1613.328,9.1347,0.0
India,2013,1995.337,1.54,1795.9752,1926.986,1765.695,1678.53,3.547,0.0
India,2014,2148.052,1.637,1902.92,1995.337,1926.986,1765.695,7.6536,0.0
India,2015,2231.817,1.681,2013.5774,2148.052,1995.337,1926.986,3.8996,0.0
India,2016,2352.54,1.75,2130.9464,2231.817,2148.052,1995.337,5.4092,0.0
India,2017,2425.722,1.784,2230.6936,2352.54,2231.817,2148.052,3.1108,0.0
India,2018,2595.227,1.888,2350.6716,2425.722,2352.54,2231.817,6.9878,0.0
India,2019,2611.175,1.88,2443.2962,2595.227,2425.722,2352.54,0.6145,0.0
India,2020,2422.732,1.727,2481.4792,2611.175,2595.227,2425.722,-7.2168,0.0
India,2021,2675.778,1.892,2546.1268,2422.732,2611.175,2595.227,10.4447,0.0
India,2022,2831.132,1.986,2627.2088,2675.778,2422.732,2611.175,5.8059,0.0
India,2023,3062.756,2.13,2720.7146,2831.132,2675.778,2422.732,8.1813,
India,2024,3193.478,2.201,2837.1752,3062.756,2831.132,2675.778,4.2681,
Japan,1990,1154.853,9.359,,,,,,0.0
Japan,1991,1166.552,9.416,,1154.853,,,1.013,0.0
Japan,1992,1175.454,9.45,,1166.552,1154.853,,0.7631,0.0
Japan,1993,1169.328,9.367,,1175.454,1166.552,1154.853,-0.5212,0.0
Japan,1994,1223.158,9.763,1177.869,1169.328,1175.454,1166.552,4.6035,0.0
Japan,1995,1235.873,9.834,1194.073,1223.158,1169.328,1175.454,1.0395,0.0
Japan,1996,1248.69,9.912,1210.5006,1235.873,1223.158,1169.328,1.0371,0.0
Japan,1997,1240.98,9.828,1223.6058,1248.69,1235.873,1223.158,-0.6174,0.0
Japan,1998,1201.334,9.493,1230.007,1240.98,1248.69,1235.873,-3.1947,0.0
Japan,1999,1238.121,9.764,1232.9996,1201.334,1240.98,1248.69,3.0622,0.0
Japan,2000,1260.203,9.921,1237.8656,1238.121,1201.334,1240.98,1.7835,0.0
Japan,2001,1245.935,9.79,1237.3146,1260.203,1238.121,1201.334,-1.1322,0.0
Japan,2002,1275.42,10.005,1244.2026,1245.935,1260.203,1238.121,2.3665,0.0
Japan,2003,1283.845,10.056,1260.7048,1275.42,1245.935,1260.203,0.6606,0.0
Japan,2004,1279.122,10.008,1268.905,1283.845,1275.42,1245.935,-0.3679,0.0
Japan,2005,1286.412,10.057,1274.1468,1279.122,1283.845,1275.42,0.5699,0.0
Japan,2006,1263.44,9.871,1277.6478,1286.412,1279.122,1283.845,-1.7857,0.0
Japan,2007,1298.974,10.141,1282.3586,1263.44,1286.412,1279.122,2.8125,0.0
Japan,2008,1228.687,9.587,1271.327,1298.974,1263.44,1286.412,-5.411,0.0
Japan,2009,1160.253,9.051,1247.5532,1228.687,1298.974,1263.44,-5.5697,0.0
Japan,2010,1211.09,9.448,1232.4888,1160.253,1228.687,1298.974,4.3815,0.0
Japan,2011,1261.181,9.846,1232.037,1211.09,1160.253,1228.687,4.136,0.0
Japan,2012,1302.113,10.178,1232.6648,1261.181,1211.09,1160.253,3.2455,0.0
Japan,2013,1311.876,10.271,1249.3026,1302.113,1261.181,1211.09,0.7498,0.0
Japan,2014,1260.272,9.886,1269.3064,1311.876,1302.113,1261.181,-3.9336,0.0
Japan,2015,1219.982,9.585,1271.0848,1260.272,1311.876,1302.113,-3.1969,0.0
Japan,2016,1199.933,9.436,1258.8352,1219.982,1260.272,1311.876,-1.6434,0.0
Japan,2017,1184.392,9.321,1235.291,1199.933,1219.982,1260.272,-1.2952,0.0
Japan,2018,1138.55,8.971,1200.6258,1184.392,1199.933,1219.982,-3.8705,0.0
Japan,2019,1102.063,8.698,1168.984,1138.55,1184.392,1199.933,-3.2047,0.0
Japan,2020,1037.285,8.213,1132.4446,1102.063,1138.55,1184.392,-5.8779,0.0
Japan,2021,1058.502,8.422,1104.1584,1037.285,1102.063,1138.55,2.0454,0.0
Japan,2022,1029.645,8.237,1073.209,1058.502,1037.285,1102.063,-2.7262,0.0
Japan,2023,986.91,7.935,1042.881,1029.645,1058.502,1037.285,-4.1505,
Japan,2024,961.867,7.772,1014.8418,986.91,1029.645,1058.502,-2.5375,
Russia,1990,2536.284,17.024,,,,,,0.0
Russia,1991,2407.642,16.11,,2536.284,,,-5.0721,0.0
Russia,1992,1963.458,13.185,,2407.642,2536.284,,-18.4489,0.0
Russia,1993,1866.525,12.6,,1963.458,2407.642,2536.284,-4.9369,0.0
Russia,1994,1646.876,11.112,2084.157,1866.525,1963.458,2407.642,-11.7678,0.0
Russia,1995,1618.286,10.913,1900.5574,1646.876,1866.525,1963.458,-1.736,0.0
Russia,1996,1586.633,10.714,1736.3556,1618.286,1646.876,1866.525,-1.956,0.0
Russia,1997,1481.964,10.023,1640.0568,1586.633,1618.286,1646.876,-6.5969,0.0
Russia,1998,1465.859,9.929,1559.9236,1481.964,1586.633,1618.286,-1.0867,0.0
Russia,1999,1494.088,10.147,1529.366,1465.859,1481.964,1586.633,1.9258,0.0
Russia,2000,1480.576,10.091,1501.824,1494.088,1465.859,1481.964,-0.9044,0.0
Russia,2001,1518.081,10.389,1488.1136,1480.576,1494.088,1465.859,2.5331,0.0
Russia,2002,1508.33,10.335,1493.3868,1518.081,1480.576,1494.088,-0.6423,0.0
Russia,2003,1539.006,10.556,1508.0162,1508.33,1518.081,1480.576,2.0338,0.0
Russia,2004,1545.353,10.644,1518.2692,1539.006,1508.33,1518.081,0.4124,0.0
Russia,2005,1563.98,10.816,1534.95,1545.353,1539.006,1508.33,1.2054,0.0
Russia,2006,1623.428,11.266,1556.0194,1563.98,1545.353,1539.006,3.8011,0.0
Russia,2007,1624.315,11.291,1579.2164,1623.428,1563.98,1545.353,0.0546,0.0
Russia,2008,1652.731,11.492,1601.9614,1624.315,1623.428,1563.98,1.7494,0.0
Russia,2009,1545.236,10.741,1601.938,1652.731,1624.315,1623.428,-6.5041,0.0
Russia,2010,1633.147,11.346,1615.7714,1545.236,1652.731,1624.315,5.6892,0.0
Russia,2011,1684.989,11.698,1628.0836,1633.147,1545.236,1652.731,3.1744,0.0
Russia,2012,1700.104,11.782,1643.2414,1684.989,1633.147,1545.236,0.897,0.0
Russia,2013,1637.547,11.324,1640.2046,1700.104,1684.989,1633.147,-3.6796,0.0
Russia,2014,1637.311,11.298,1658.6196,1637.547,1700.104,1684.989,-0.0144,0.0
Russia,2015,1635.244,11.254,1659.039,1637.311,1637.547,1700.104,-0.1262,0.0
Russia,2016,1629.328,11.177,1647.9068,1635.244,1637.311,1637.547,-0.3618,0.0
Russia,2017,1661.012,11.362,1640.0884,1629.328,1635.244,1637.311,1.9446,0.0
Russia,2018,1709.91,11.677,1654.561,1661.012,1629.328,1635.244,2.9439,0.0
Russia,2019,1704.459,11.632,1667.9906,1709.91,1661.012,1629.328,-0.3188,0.0
Russia,2020,1631.902,11.149,1667.3222,1704.459,1709.91,1661.012,-4.2569,0.0
Russia,2021,1674.524,11.482,1676.3614,1631.902,1704.459,1709.91,2.6118,0.0
Russia,2022,1675.461,11.509,1679.2512,1674.524,1631.902,1704.459,0.056,0.0
Russia,2023,1733.135,11.916,1683.8962,1675.461,1674.524,1631.902,3.4423,
Russia,2024,1780.524,12.295,1699.1092,1733.135,1675.461,1674.524,2.7343,
South Africa,1990,312.934,7.68,,,,,,0.0
South Africa,1991,326.03,7.821,,312.934,,,4.1849,0.0
South Africa,1992,301.329,7.1,,326.03,312.934,,-7.5763,0.0
South Africa,1993,320.353,7.399,,301.329,326.03,312.934,6.3134,0.0
South Africa,1994,338.701,7.697,319.8694,320.353,301.329,326.03,5.7274,0.0
South Africa,1995,361.712,8.121,329.625,338.701,320.353,301.329,6.7939,0.0
South Africa,1996,363.732,8.061,337.1654,361.712,338.701,320.353,0.5585,0.0
South Africa,1997,385.215,8.435,353.9426,363.732,361.712,338.701,5.9063,0.0
South Africa,1998,377.273,8.162,365.3266,385.215,363.732,361.712,-2.0617,0.0
South Africa,1999,374.869,8.022,372.5602,377.273,385.215,363.732,-0.6372,0.0
South Africa,2000,378.333,8.022,375.8844,374.869,377.273,385.215,0.9241,0.0
South Africa,2001,371.602,7.812,377.4584,378.333,374.869,377.273,-1.7791,0.0
South Africa,2002,356.501,7.424,371.7156,371.602,378.333,374.869,-4.0638,0.0
South Africa,2003,404.406,8.338,377.1422,356.501,371.602,378.333,13.4375,0.0
South Africa,2004,449.322,9.171,392.0328,404.406,356.501,371.602,11.1067,0.0
South Africa,2005,416.205,8.41,399.6072,449.322,404.406,356.501,-7.3704,0.0
South Africa,2006,446.744,8.935,414.6356,416.205,449.322,404.406,7.3375,0.0
South Africa,2007,465.034,9.203,436.3422,446.744,416.205,449.322,4.0941,0.0
South Africa,2008,494.673,9.678,454.3956,465.034,446.744,416.205,6.3735,0.0
South Africa,2009,474.512,9.173,459.4336,494.673,465.034,446.744,-4.0756,0.0
South Africa,2010,467.353,8.928,469.6632,474.512,494.673,465.034,-1.5087,0.0
South Africa,2011,474.273,8.949,475.169,467.353,474.512,494.673,1.4807,0.0
South Africa,2012,461.438,8.58,474.4498,474.273,467.353,474.512,-2.7062,0.0
South Africa,2013,456.188,8.343,466.7528,461.438,474.273,467.353,-1.1377,0.0
South Africa,2014,481.638,8.663,468.178,456.188,461.438,474.273,5.5788,0.0
South Africa,2015,457.473,8.065,466.202,481.638,456.188,461.438,-5.0173,0.0
South Africa,2016,457.05,7.982,462.7574,457.473,481.638,456.188,-0.0925,0.0
South Africa,2017,440.01,7.634,458.4718,457.05,457.473,481.638,-3.7283,0.0
South Africa,2018,453.766,7.742,457.9874,440.01,457.05,457.473,3.1263,0.0
South Africa,2019,470.727,7.9,455.8052,453.766,440.01,457.05,3.7378,0.0
South Africa,2020,435.298,7.188,451.3702,470.727,453.766,440.01,-7.5264,0.0
South Africa,2021,439.464,7.145,447.853,435.298,470.727,453.766,0.957,0.0
South Africa,2022,428.782,6.874,445.6074,439.464,435.298,470.727,-2.4307,0.0
South Africa,2023,436.604,6.907,442.175,428.782,439.464,435.298,1.8242,
South Africa,2024,439.831,6.872,435.9958,436.604,428.782,439.464,0.7391,
United Kingdom,1990,601.945,10.493,,,,,,0.0
United Kingdom,1991,609.413,10.588,,601.945,,,1.2406,0.0
United Kingdom,1992,593.846,10.289,,609.413,601.945,,-2.5544,0.0
United Kingdom,1993,579.613,10.017,,593.846,609.413,601.945,-2.3967,0.0
United Kingdom,1994,574.017,9.896,591.7668,579.613,593.846,609.413,-0.9655,0.0
United Kingdom,1995,566.159,9.735,584.6096,574.017,579.613,593.846,-1.3689,0.0
United Kingdom,1996,586.761,10.065,580.0792,566.159,574.017,579.613,3.6389,0.0
United Kingdom,1997,562.708,9.628,573.8516,586.761,566.159,574.017,-4.0993,0.0
United Kingdom,1998,568.544,9.698,571.6378,562.708,586.761,566.159,1.0371,0.0
United Kingdom,1999,561.65,9.546,569.1644,568.544,562.708,586.761,-1.2126,0.0
United Kingdom,2000,569.034,9.635,569.7394,561.65,568.544,562.708,1.3147,0.0
United Kingdom,2001,577.971,9.749,567.9814,569.034,561.65,568.544,1.5706,0.0
United Kingdom,2002,560.273,9.41,567.4944,577.971,569.034,561.65,-3.0621,0.0
United Kingdom,2003,571.619,9.556,568.1094,560.273,577.971,569.034,2.0251,0.0
United Kingdom,2004,573.43,9.53,570.4654,571.619,560.273,577.971,0.3168,0.0
United Kingdom,2005,570.338,9.412,570.7262,573.43,571.619,560.273,-0.5392,0.0
United Kingdom,2006,567.846,9.301,568.7012,570.338,573.43,571.619,-0.4369,0.0
United Kingdom,2007,559.566,9.093,568.5598,567.846,570.338,573.43,-1.4581,0.0
United Kingdom,2008,544.932,8.785,563.2224,559.566,567.846,570.338,-2.6152,0.0
United Kingdom,2009,494.108,7.905,547.358,544.932,559.566,567.846,-9.3267,0.0
United Kingdom,2010,511.905,8.125,535.6714,494.108,544.932,559.566,3.6018,0.0
United Kingdom,2011,469.713,7.396,516.0448,511.905,494.108,544.932,-8.2422,0.0
United Kingdom,2012,487.477,7.622,501.627,469.713,511.905,494.108,3.7819,0.0
United Kingdom,2013,477.611,7.418,488.1628,487.477,469.713,511.905,-2.0239,0.0
United Kingdom,2014,438.807,6.765,477.1026,477.611,487.477,469.713,-8.1246,0.0
United Kingdom,2015,422.461,6.461,459.2138,438.807,477.611,487.477,-3.7251,0.0
United Kingdom,2016,399.43,6.062,445.1572,422.461,438.807,477.611,-5.4516,0.0
United Kingdom,2017,387.367,5.838,425.1352,399.43,422.461,438.807,-3.0201,0.0
United Kingdom,2018,379.73,5.689,405.559,387.367,399.43,422.461,-1.9715,0.0
United Kingdom,2019,364.753,5.435,390.7482,379.73,387.367,399.43,-3.9441,0.0
United Kingdom,2020,326.263,4.844,371.5086,364.753,379.73,387.367,-10.5523,0.0
United Kingdom,2021,342.366,5.059,360.0958,326.263,364.753,379.73,4.9356,0.0
United Kingdom,2022,311.118,4.563,344.846,342.366,326.263,364.753,-9.1271,0.0
United Kingdom,2023,307.826,4.482,330.4652,311.118,342.366,326.263,-1.0581,
United Kingdom,2024,312.906,4.526,320.0958,307.826,311.118,342.366,1.6503,
United States,1990,5131.761,20.254,,,,,,0.0
United States,1991,5076.413,19.793,,5131.761,,,-1.0785,0.0
United States,1992,5178.77,19.949,,5076.413,5131.761,,2.0163,0.0
United States,1993,5279.52,20.102,,5178.77,5076.413,5131.761,1.9454,0.0
United States,1994,5361.863,20.197,5205.6654,5279.52,5178.77,5076.413,1.5597,0.0
United States,1995,5425.837,20.23,5264.4806,5361.863,5279.52,5178.77,1.1931,0.0
United States,1996,5601.094,20.679,5369.4168,5425.837,5361.863,5279.52,3.23,0.0
United States,1997,5673.144,20.745,5468.2916,5601.094,5425.837,5361.863,1.2864,0.0
United States,1998,5736.36,20.775,5559.6596,5673.144,5601.094,5425.837,1.1143,0.0
United States,1999,5800.281,20.806,5647.3432,5736.36,5673.144,5601.094,1.1143,0.0
United States,2000,6023.158,21.398,5766.8074,5800.281,5736.36,5673.144,3.8425,0.0
United States,2001,5903.562,20.767,5827.301,6023.158,5800.281,5736.36,-1.9856,0.0
United States,2002,5947.819,20.718,5882.236,5903.562,6023.158,5800.281,0.7497,0.0
United States,2003,6006.44,20.718,5936.252,5947.819,5903.562,6023.158,0.9856,0.0
United States,2004,6111.545,20.874,5998.5048,6006.44,5947.819,5903.562,1.7499,0.0
United States,2005,6126.903,20.719,6019.2538,6111.545,6006.44,5947.819,0.2513,0.0
United States,2006,6045.326,20.237,6047.6066,6126.903,6111.545,6006.44,-1.3315,0.0
United States,2007,6121.542,20.28,6082.3512,6045.326,6126.903,6111.545,1.2607,0.0
United States,2008,5919.221,19.409,6064.9074,6121.542,6045.326,6126.903,-3.3051,0.0
United States,2009,5486.104,17.811,5939.8192,5919.221,6121.542,6045.326,-7.3171,0.0
United States,2010,5669.25,18.225,5848.2886,5486.104,5919.221,6121.542,3.3384,0.0
United States,2011,5538.973,17.634,5747.018,5669.25,5486.104,5919.221,-2.298,0.0
United States,2012,5331.467,16.812,5589.003,5538.973,5669.25,5486.104,-3.7463,0.0
United States,2013,5473.436,17.099,5499.846,5331.467,5538.973,5669.25,2.6629,0.0
United States,2014,5531.385,17.119,5508.9022,5473.436,5331.467,5538.973,1.0587,0.0
United States,2015,5368.497,16.461,5448.7516,5531.385,5473.436,5331.467,-2.9448,0.0
United States,2016,5245.362,15.935,5390.0294,5368.497,5531.385,5473.436,-2.2937,0.0
United States,2017,5195.417,15.639,5362.8194,5245.362,5368.497,5531.385,-0.9522,0.0
United States,2018,5361.236,16.001,5340.3794,5195.417,5245.362,5368.497,3.1916,0.0
United States,2019,5235.912,15.5,5281.2848,5361.236,5195.417,5245.362,-2.3376,0.0
United States,2020,4689.954,13.817,5145.5762,5235.912,5361.236,5195.417,-10.4272,0.0
United States,2021,5020.111,14.758,5100.526,4689.954,5235.912,5361.236,7.0397,0.0
United States,2022,5055.403,14.802,5072.5232,5020.111,4689.954,5235.912,0.703,0.0
United States,2023,4918.407,14.319,4983.9574,5055.403,5020.111,4689.954,-2.7099,
United States,2024,4904.12,14.197,4917.599,4918.407,5055.403,5020.111,-0.2905,
