country,year,co2,co2_per_capita,co2_5yr_rolling_mean,co2_lag1,co2_lag2,co2_lag3,co2_yoy_pct_change,ghg_intensity,country_encoded,target_co2
Australia,1993,288.78,16.294,282.67775,284.433,279.437,278.061,1.52830367784329,1.157801244976369e-09,0,293.613
Australia,1994,293.613,16.405,284.8648,288.78,284.433,279.437,1.6735923540411424,1.0494149550088436e-09,0,304.962
Australia,1995,304.962,16.853,290.245,293.613,288.78,284.433,3.865292068130488,1.2252814702309996e-09,0,311.851
Australia,1996,311.851,17.036,296.7278,304.962,293.613,288.78,2.2589699700290566,1.1782037377258146e-09,0,320.243
Australia,1997,320.243,17.306,303.8898,311.851,304.962,293.613,2.691028728463274,1.079719650229301e-09,0,334.038
Australia,1998,334.038,17.861,312.9414,320.243,311.851,304.962,4.307666365853424,1.111477160599334e-09,0,343.876
Australia,1999,343.876,18.185,322.994,334.038,320.243,311.851,2.945173902370368,1.069439976039049e-09,0,349.898
Australia,2000,349.898,18.288,331.9812,343.876,334.038,320.243,1.7512126464190647,1.114605333101432e-09,0,357.668
Australia,2001,357.668,18.469,341.1446,349.898,343.876,334.038,2.2206471600294986,1.0310929210995151e-09,0,362.425
Australia,2002,362.425,18.495,349.581,357.668,349.898,343.876,1.330004361586723,9.372428753525436e-10,0,370.784
Australia,2003,370.784,18.708,356.9302,362.425,357.668,349.898,2.306408222390832,9.484796433691307e-10,0,382.005
Australia,2004,382.005,19.056,364.556,370.784,362.425,357.668,3.0262902390610247,9.408213235618988e-10,0,385.082
Australia,2005,385.082,18.975,371.5928,382.005,370.784,362.425,0.8054868391774939,7.588653517745628e-10,0,391.373
Australia,2006,391.373,19.007,378.3338,385.082,382.005,370.784,1.6336780218239255,7.6478864264169e-10,0,398.896
Australia,2007,398.896,19.036,385.628,391.373,385.082,382.005,1.922207203869464,7.653755208440843e-10,0,404.279
Australia,2008,404.279,18.918,392.327,398.896,391.373,385.082,1.3494745497573346,8.500946972552298e-10,0,406.977
Australia,2009,406.977,18.683,397.3214,404.279,398.896,391.373,0.6673609067005648,7.364665715498164e-10,0,405.026
Australia,2010,405.026,18.293,401.3102,406.977,404.279,398.896,-0.4793882700987906,9.137720717660187e-10,0,403.874
Australia,2011,403.874,17.966,403.8104,405.026,406.977,404.279,-0.2844261849856533,8.483005382392336e-10,0,405.005
Australia,2012,405.005,17.722,405.0322,403.874,405.026,406.977,0.2800378335817477,7.493194645974191e-10,0,397.85
Australia,2013,397.85,17.122,403.7464,405.005,403.874,405.026,-1.7666448562363324,6.388503886436703e-10,0,392.61
Australia,2014,392.61,16.639,400.8730000000001,397.85,405.005,403.874,-1.317079301244195,6.02537204892176e-10,0,400.589
Australia,2015,400.589,16.727,399.9856,392.61,397.85,405.005,2.032296681184897,5.599614912311154e-10,0,409.666
Australia,2016,409.666,16.838,401.144,400.589,392.61,397.85,2.2659134424559912,5.789674735387807e-10,0,413.408
Australia,2017,413.408,16.716,402.8246,409.666,400.589,392.61,0.9134270356827344,5.97985775731877e-10,0,414.781
Australia,2018,414.781,16.512,406.2108,413.408,409.666,400.589,0.3321174239492297,5.530129470384322e-10,0,414.925
Australia,2019,414.925,16.283,410.6738,414.781,413.408,409.666,0.0347171157791814,5.143027875159195e-10,0,398.547
Australia,2020,398.547,15.481,410.26540000000006,414.925,414.781,413.408,-3.947219376995837,5.176692487865277e-10,0,388.472
Australia,2021,388.472,14.966,406.0266,398.547,414.925,414.781,-2.527932715589387,4.827573783455916e-10,0,384.078
Australia,2022,384.078,14.659,400.1606,388.472,398.547,414.925,-1.1310982516114398,4.5305512040941445e-10,0,384.316
Brazil,1993,244.306,1.558,231.48975,233.601,229.394,218.658,4.582600245718127,1.7581655405944183e-09,1,254.002
Brazil,1994,254.002,1.595,235.9922,244.306,233.601,229.394,3.968793234713841,1.920481235996457e-09,1,268.678
Brazil,1995,268.678,1.661,245.9962,254.002,244.306,233.601,5.7779072605727455,1.8013172129993883e-09,1,289.311
Brazil,1996,289.311,1.762,257.9796,268.678,254.002,244.306,7.679452727800551,1.701511964951057e-09,1,306.949
Brazil,1997,306.949,1.842,272.6492,289.311,268.678,254.002,6.09655353581442,1.6940404959022695e-09,1,317.359
Brazil,1998,317.359,1.876,287.2598,306.949,289.311,268.678,3.3914428781328443,1.8109908348308381e-09,1,327.256
Brazil,1999,327.256,1.907,301.91060000000004,317.359,306.949,289.311,3.1185502853235514,1.8018869036285282e-09,1,340.183
Brazil,2000,340.183,1.955,316.2116,327.256,317.359,306.949,3.950118561615379,1.623128986304928e-09,1,346.166
Brazil,2001,346.166,1.963,327.5826,340.183,327.256,317.359,1.7587592560474707,1.5588657098038475e-09,1,347.765
Brazil,2002,347.765,1.948,335.7458,346.166,340.183,327.256,0.461917114910193,1.6012613355875962e-09,1,344.645
Brazil,2003,344.645,1.908,341.203,347.765,346.166,340.183,-0.8971575632970574,2.0193763207504884e-09,1,361.434
Brazil,2004,361.434,1.979,348.0386,344.645,347.765,346.166,4.871389400687676,1.6256279834961574e-09,1,364.371
Brazil,2005,364.371,1.973,352.8762,361.434,344.645,347.765,0.8125964906455785,1.4357632621371515e-09,1,368.871
Brazil,2006,368.871,1.976,357.4172,364.371,361.434,344.645,1.2350049811867605,1.2581061710440035e-09,1,390.573
Brazil,2007,390.573,2.071,365.9788,368.871,364.371,361.434,5.883357596558136,1.141418895121697e-09,1,412.638
Brazil,2008,412.638,2.168,379.5774,390.573,368.871,364.371,5.649392047069313,1.0221136013153584e-09,1,389.775
Brazil,2009,389.775,2.029,385.2456,412.638,390.573,368.871,-5.5406918412749135,9.393179056262101e-10,1,440.269
Brazil,2010,440.269,2.273,400.4252,389.775,412.638,390.573,12.954653325636588,8.587989390595278e-10,1,461.911
Brazil,2011,461.911,2.365,419.0332,440.269,389.775,412.638,4.915631125516451,8.014566480634229e-10,1,497.468
Brazil,2012,497.468,2.527,440.4122,461.911,440.269,389.775,7.6978032564714916,8.273852359307104e-10,1,531.569
Brazil,2013,531.569,2.678,464.1984000000001,497.468,461.911,440.269,6.854913280854236,8.24284558126051e-10,1,556.526
Brazil,2014,556.526,2.781,497.5486,531.569,497.468,461.911,4.694969044470243,8.391197766415417e-10,1,528.174
Brazil,2015,528.174,2.619,515.1296,556.526,531.569,497.468,-5.094460995533002,8.665562808654738e-10,1,491.745
Brazil,2016,491.745,2.42,521.0964,528.174,556.526,531.569,-6.897158890820066,8.597294768322151e-10,1,497.255
Brazil,2017,497.255,2.429,521.0538,491.745,528.174,556.526,1.1204994458509976,8.211703447486311e-10,1,476.601
Brazil,2018,476.601,2.312,510.0602,497.255,491.745,528.174,-4.153603282018281,8.041002032675852e-10,1,476.724
Brazil,2019,476.724,2.298,494.0998,476.601,497.255,491.745,0.0258077511377408,8.093341700286627e-10,1,447.999
Brazil,2020,447.999,2.147,478.0648,476.724,476.601,497.255,-6.025499030885784,8.714874765933557e-10,1,496.562
Brazil,2021,496.562,2.37,479.0282,447.999,476.724,476.601,10.83997955352578,8.956925221539503e-10,1,480.058
Brazil,2022,480.058,2.283,475.5888,496.562,447.999,476.724,-3.323653441060737,9.019866842472391e-10,1,483.992
China,1993,2914.284,2.434,2687.06275,2731.29,2619.143,2483.534,6.699911031051276,1.1127401093945295e-09,2,3093.891
China,1994,3093.891,2.559,2768.4284,2914.284,2731.29,2619.143,6.162988919405255,1.1042742096619446e-09,2,3351.197
China,1995,3351.197,2.747,2941.961,3093.891,2914.284,2731.29,8.31658258161001,1.0709555319005704e-09,2,3499.311
China,1996,3499.311,2.843,3117.9946000000004,3351.197,3093.891,2914.284,4.419734202435732,1.0451364908887171e-09,2,3512.35
China,1997,3512.35,2.83,3274.2066,3499.311,3351.197,3093.891,0.3726162093051988,1.0050507226841375e-09,2,3355.336
China,1998,3355.336,2.682,3362.417,3512.35,3499.311,3351.197,-4.4703403704072775,9.73135040253451e-10,2,3549.949
China,1999,3549.949,2.817,3453.6286,3355.336,3512.35,3499.311,5.800104669100215,9.57617466924327e-10,2,3643.81
China,2000,3643.81,2.87,3512.1512,3549.949,3355.336,3512.35,2.644009815352266,8.873475509208323e-10,2,3724.114
China,2001,3724.114,2.912,3557.1118,3643.81,3549.949,3355.336,2.203847072157994,8.345120477644832e-10,2,4098.181
China,2002,4098.181,3.185,3674.278,3724.114,3643.81,3549.949,10.04445621159824,8.218058575627415e-10,2,4835.251
China,2003,4835.251,3.735,3970.261,4098.181,3724.114,3643.81,17.985296403453166,8.792289140937991e-10,2,5210.961
China,2004,5210.961,4.002,4302.4634,4835.251,4098.181,3724.114,7.770227440106003,8.735323586652633e-10,2,5881.991
China,2005,5881.991,4.49,4750.0996,5210.961,4835.251,4098.181,12.877279258086949,8.777863488540604e-10,2,6486.185
China,2006,6486.185,4.921,5302.513800000001,5881.991,5210.961,4835.251,10.27193003185487,8.657507405891985e-10,2,6974.663
China,2007,6974.663,5.261,5877.8102,6486.185,5881.991,5210.961,7.531052537046023,8.400807924120768e-10,2,7492.404
China,2008,7492.404,5.617,6409.2408000000005,6974.663,6486.185,5881.991,7.423168689297266,8.56039727463488e-10,2,7881.491
China,2009,7881.491,5.871,6943.346800000001,7492.404,6974.663,6486.185,5.193086224394716,8.334128391015015e-10,2,8610.048
China,2010,8610.048,6.37,7488.958199999999,7881.491,7492.404,6974.663,9.243898140592943,8.017036725612582e-10,2,9520.153
China,2011,9520.153,6.999,8095.751800000001,8610.048,7881.491,7492.404,10.57026627493829,8.291723354012457e-10,2,9767.311
China,2012,9767.311,7.132,8654.281400000002,9520.153,8610.048,7881.491,2.596155755059804,7.80221087068203e-10,2,9942.371
China,2013,9942.371,7.21,9144.2748,9767.311,9520.153,8610.048,1.792304965000091,7.34198676819912e-10,2,9976.027
China,2014,9976.027,7.188,9563.182,9942.371,9767.311,9520.153,0.3385108039118734,6.834287269393767e-10,2,9858.04
China,2015,9858.04,7.061,9812.7804,9976.027,9942.371,9767.311,-1.1827052994142773,6.361851929863703e-10,2,9748.175
China,2016,9748.175,6.943,9858.3848,9858.04,9976.027,9942.371,-1.114471030752584,5.823672550761337e-10,2,10000.014
China,2017,10000.014,7.08,9904.925399999998,9748.175,9858.04,9976.027,2.583447670974315,5.562708712591373e-10,2,10346.79
China,2018,10346.79,7.292,9985.8092,10000.014,9748.175,9858.04,3.4677551451428146,5.378013305100432e-10,2,10713.515
China,2019,10713.515,7.526,10133.3068,10346.79,10000.014,9748.175,3.544335972799284,5.2142919063948e-10,2,10896.521
China,2020,10896.521,7.641,10341.003,10713.515,10346.79,10000.014,1.70817887500041,5.185546516630744e-10,2,11284.401
China,2021,11284.401,7.911,10648.248199999998,10896.521,10713.515,10346.79,3.559668264760818,4.949646271288012e-10,2,11711.808
China,2022,11711.808,8.218,10990.607,11284.401,10896.521,10713.515,3.7875913838935737,4.986617046338426e-10,2,12172.009
Germany,1993,959.386,11.774,1000.144,969.464,1016.93,1054.796,-1.039543500325968,5.215019577040597e-10,3,943.228
Germany,1994,943.228,11.535,988.7608,959.386,969.464,1016.93,-1.6842021876491864,4.957777712177977e-10,3,939.934
Germany,1995,939.934,11.46,965.7884,943.228,959.386,969.464,-0.3492262740291796,4.786939324965203e-10,3,959.69
Germany,1996,959.69,11.666,954.3404,939.934,943.228,959.386,2.1018497043409523,4.783030056876811e-10,3,931.508
Germany,1997,931.508,11.306,946.7492,959.69,939.934,943.228,-2.93657326845127,4.5077980318412347e-10,3,923.499
Germany,1998,923.499,11.261,939.5718,931.508,959.69,939.934,-0.8597886437905045,4.2533673389330744e-10,3,895.442
Germany,1999,895.442,10.963,930.0146,923.499,931.508,959.69,-3.0381191533504603,3.9974374835872086e-10,3,898.976
Germany,2000,898.976,10.99,921.823,895.442,923.499,931.508,0.3946654277999117,3.8340548865461006e-10,3,915.255
Germany,2001,915.255,11.171,912.936,898.976,895.442,923.499,1.8108381091375136,3.770380751758785e-10,3,898.834
Germany,2002,898.834,10.952,906.4012,915.255,898.976,895.442,-1.7941448011756345,3.663785059436696e-10,3,894.501
Germany,2003,894.501,10.894,900.6016,898.834,915.255,898.976,-0.4820689916046783,3.6282786637721816e-10,3,876.57
Germany,2004,876.57,10.678,896.8272000000001,894.501,898.834,915.255,-2.004581325230481,3.479677134219085e-10,3,867.88
Germany,2005,867.88,10.578,890.608,876.57,894.501,898.834,-0.9913640667602142,3.375658422847342e-10,3,886.434
Germany,2006,886.434,10.85,884.8438,867.88,876.57,894.501,2.1378531594229644,3.2728141855425724e-10,3,846.153
Germany,2007,846.153,10.408,874.3076000000001,886.434,867.88,876.57,-4.544162340343439,3.0203966982296076e-10,3,856.643
Germany,2008,856.643,10.561,866.7360000000001,846.153,886.434,867.88,1.2397285124557955,2.976561045825581e-10,3,789.984
Germany,2009,789.984,9.761,849.4188,856.643,846.153,886.434,-7.781421198795768,2.887946359358242e-10,3,826.705
Germany,2010,826.705,10.228,841.1838,789.984,856.643,846.153,4.648321991331472,2.860586963171182e-10,3,804.542
Germany,2011,804.542,9.95,824.8054,826.705,789.984,856.643,-2.6808837493422666,2.644572975208266e-10,3,814.093
Germany,2012,814.093,10.061,818.3934,804.542,826.705,789.984,1.187135040805809,2.6660106177022576e-10,3,831.746
Germany,2013,831.746,10.263,813.414,814.093,804.542,826.705,2.168425474730773,2.7052608190767035e-10,3,792.584
Germany,2014,792.584,9.74,813.934,831.746,814.093,804.542,-4.70840857665682,2.5336043090264083e-10,3,800.823
Germany,2015,800.823,9.757,808.7576,792.584,831.746,814.093,1.0395112694679742,2.5113655717109013e-10,3,797.988
Germany,2016,797.988,9.642,807.4467999999999,800.823,792.584,831.746,-0.3540108113777807,2.445893519146182e-10,3,784.595
Germany,2017,784.595,9.441,801.5472,797.988,800.823,792.584,-1.6783460402913342,2.3410657254248417e-10,3,758.771
Germany,2018,758.771,9.101,786.9522,784.595,797.988,800.823,-3.291379628980562,2.2341860390326266e-10,3,708.649
Germany,2019,708.649,8.481,770.1652,758.771,784.595,797.988,-6.605682083263586,2.0790514160907024e-10,3,647.177
Germany,2020,647.177,7.739,739.436,708.649,758.771,784.595,-8.674534219338481,1.9873668846152783e-10,3,677.998
Germany,2021,677.998,8.101,715.438,647.177,708.649,758.771,4.76237567157054,2.0170647728780787e-10,3,667.843
Germany,2022,667.843,7.942,692.0876000000001,677.998,647.177,708.649,-1.4977920288850588,1.9434021930547824e-10,3,593.766
India,1993,677.262,0.734,631.5152499999999,655.424,615.388,577.987,3.3318889756859704,8.425904424163512e-10,4,714.043
India,1994,714.043,0.759,648.0208,677.262,655.424,615.388,5.43083769648971,8.15459981235262e-10,4,760.48
India,1995,760.48,0.792,684.5193999999999,714.043,677.262,655.424,6.503389851871666,7.821762817037478e-10,4,823.602
India,1996,823.602,0.841,726.1622,760.48,714.043,677.262,8.300284031138228,7.75032735710527e-10,4,857.976
India,1997,857.976,0.859,766.6726,823.602,760.48,714.043,4.173617839684707,7.546206388052576e-10,4,875.783
India,1998,875.783,0.86,806.3768,857.976,823.602,760.48,2.0754659804003817,7.227099486051091e-10,4,961.194
India,1999,961.194,0.926,855.807,875.783,857.976,823.602,9.752530021706283,7.156163750238677e-10,4,987.065
India,2000,987.065,0.933,901.124,961.194,875.783,857.976,2.69154822023443,7.152434936340731e-10,4,1001.198
India,2001,1001.198,0.929,936.6432,987.065,961.194,875.783,1.4318205994539257,6.801924964491785e-10,4,1032.75
India,2002,1032.75,0.941,971.598,1001.198,987.065,961.194,3.151424593337193,6.591918028944869e-10,4,1068.398
India,2003,1068.398,0.957,1010.121,1032.75,1001.198,987.065,3.4517550229968386,6.334923004651451e-10,4,1134.611
India,2004,1134.611,0.999,1044.8044000000002,1068.398,1032.75,1001.198,6.197409579576174,6.092097567786027e-10,4,1195.393
India,2005,1195.393,1.035,1086.47,1134.611,1068.398,1032.75,5.357078329048459,5.87698328660158e-10,4,1293.321
India,2006,1293.321,1.103,1144.8946,1195.393,1134.611,1068.398,8.192117571376102,5.711735181884163e-10,4,1393.485
India,2007,1393.485,1.17,1217.0416,1293.321,1195.393,1134.611,7.744713029479922,5.645134006209758e-10,4,1490.366
India,2008,1490.366,1.234,1301.4352,1393.485,1293.321,1195.393,6.952425035073939,5.680833720894028e-10,4,1613.328
India,2009,1613.328,1.316,1397.1786,1490.366,1393.485,1293.321,8.250456599251454,5.483251372482041e-10,4,1678.53
India,2010,1678.53,1.35,1493.806,1613.328,1490.366,1393.485,4.041459641188894,5.312318084199398e-10,4,1765.695
India,2011,1765.695,1.4,1588.2808,1678.53,1613.328,1490.366,5.192936676734994,5.157317579814117e-10,4,1926.986
India,2012,1926.986,1.507,1694.9809999999998,1765.695,1678.53,1613.328,9.134703332115702,5.227671051560801e-10,4,1995.337
India,2013,1995.337,1.54,1795.9752,1926.986,1765.695,1678.53,3.547041857076283,4.86385901716324e-10,4,2148.052
India,2014,2148.052,1.637,1902.92,1995.337,1926.986,1765.695,7.653594355239246,4.678952578023712e-10,4,2231.817
India,2015,2231.817,1.681,2013.5774,2148.052,1995.337,1926.986,3.899579712222967,4.451617966856288e-10,4,2352.54
India,2016,2352.54,1.75,2130.9464,2231.817,2148.052,1995.337,5.4091800537409584,4.176264808278188e-10,4,2425.722
India,2017,2425.722,1.784,2230.6936,2352.54,2231.817,2148.052,3.1107653854982376,3.9952949191573015e-10,4,2595.227
India,2018,2595.227,1.888,2350.6716,2425.722,2352.54,2231.817,6.987816410948966,3.9421361533888525e-10,4,2611.175
India,2019,2611.175,1.88,2443.2962,2595.227,2425.722,2352.54,0.6145127189259414,3.765322120171195e-10,4,2422.732
India,2020,2422.732,1.727,2481.4792,2611.175,2595.227,2425.722,-7.216789376430155,3.8415971628569605e-10,4,2675.778
India,2021,2675.778,1.892,2546.1268,2422.732,2611.175,2595.227,10.444655042324102,3.7724525292382285e-10,4,2831.132
India,2022,2831.132,1.986,2627.2088,2675.778,2422.732,2611.175,5.8059375628322085,3.69406562495956e-10,4,3062.756
Japan,1993,1169.328,9.367,1166.54675,1175.454,1166.552,1154.853,-0.5211603346451654,3.213878044535274e-10,5,1223.158
Japan,1994,1223.158,9.763,1177.869,1169.328,1175.454,1166.552,4.603498761681912,3.330646109070176e-10,5,1235.873
Japan,1995,1235.873,9.834,1194.073,1223.158,1169.328,1175.454,1.039522285755412,3.267163384802424e-10,5,1248.69
Japan,1996,1248.69,9.912,1210.5006,1235.873,1223.158,1169.328,1.0370806709103508,3.2131928284130407e-10,5,1240.98
Japan,1997,1240.98,9.828,1223.6058,1248.69,1235.873,1223.158,-0.617447084544609,3.140589415609201e-10,5,1201.334
Japan,1998,1201.334,9.493,1230.007,1240.98,1248.69,1235.873,-3.1947331947331903,3.0849023612011417e-10,5,1238.121
Japan,1999,1238.121,9.764,1232.9996,1201.334,1240.98,1248.69,3.0621792107773604,3.1652254838061755e-10,5,1260.203
Japan,2000,1260.203,9.921,1237.8656,1238.121,1201.334,1240.98,1.7835090431387537,3.1377654036216275e-10,5,1245.935
Japan,2001,1245.935,9.79,1237.3146000000002,1260.203,1238.121,1201.334,-1.1321985426157588,3.0689391363612406e-10,5,1275.42
Japan,2002,1275.42,10.005,1244.2026,1245.935,1260.203,1238.121,2.366495844486272,3.124427376243019e-10,5,1283.845
Japan,2003,1283.845,10.056,1260.7048,1275.42,1245.935,1260.203,0.6605667152780992,3.095154523222534e-10,5,1279.122
Japan,2004,1279.122,10.008,1268.9050000000002,1283.845,1275.42,1245.935,-0.3678793000712721,3.0139589241111827e-10,5,1286.412
Japan,2005,1286.412,10.057,1274.1468,1279.122,1283.845,1275.42,0.5699221809960298,2.9882932364473336e-10,5,1263.44
Japan,2006,1263.44,9.871,1277.6478000000002,1286.412,1279.122,1283.845,-1.7857420484261644,2.8873527069472475e-10,5,1298.974
Japan,2007,1298.974,10.141,1282.3586,1263.44,1286.412,1279.122,2.812480212752466,2.9226842938028347e-10,5,1228.687
Japan,2008,1228.687,9.587,1271.327,1298.974,1263.44,1286.412,-5.410962806029995,2.794042266451043e-10,5,1160.253
Japan,2009,1160.253,9.051,1247.5531999999998,1228.687,1298.974,1263.44,-5.569685363318733,2.7766830382128684e-10,5,1211.09
Japan,2010,1211.09,9.448,1232.4888,1160.253,1228.687,1298.974,4.3815443700641055,2.7806825684767885e-10,5,1261.181
Japan,2011,1261.181,9.846,1232.0369999999998,1211.09,1160.253,1228.687,4.136026224310352,2.9162280422849976e-10,5,1302.113
Japan,2012,1302.113,10.178,1232.6648,1261.181,1211.09,1160.253,3.245529388723756,2.9685141879443366e-10,5,1311.876
Japan,2013,1311.876,10.271,1249.3026,1302.113,1261.181,1211.09,0.7497813169824674,2.923626851144473e-10,5,1260.272
Japan,2014,1260.272,9.886,1269.3064,1311.876,1302.113,1261.181,-3.933603480816783,2.8051823106146003e-10,5,1219.982
Japan,2015,1219.982,9.585,1271.0848,1260.272,1311.876,1302.113,-3.196928916932218,2.6761786899125916e-10,5,1199.933
Japan,2016,1199.933,9.436,1258.8352,1219.982,1260.272,1311.876,-1.6433849024002023,2.613441688521745e-10,5,1184.392
Japan,2017,1184.392,9.321,1235.291,1199.933,1219.982,1260.272,-1.295155646190238,2.547874594779359e-10,5,1138.55
Japan,2018,1138.55,8.971,1200.6258,1184.392,1199.933,1219.982,-3.8705090882072857,2.4386165981423325e-10,5,1102.063
Japan,2019,1102.063,8.698,1168.984,1138.55,1184.392,1199.933,-3.204690176101166,2.36358661934651e-10,5,1037.285
Japan,2020,1037.285,8.213,1132.4446,1102.063,1138.55,1184.392,-5.877885384047921,2.3355998799324864e-10,5,1058.502
Japan,2021,1058.502,8.422,1104.1583999999998,1037.285,1102.063,1138.55,2.0454359216608653,2.338826121655189e-10,5,1029.645
Japan,2022,1029.645,8.237,1073.209,1058.502,1037.285,1102.063,-2.726211192798877,2.2575435404503922e-10,5,986.91
Russia,1993,1866.525,12.6,2193.47725,1963.458,2407.642,2536.284,-4.936851208429205,1.7619843253778963e-09,6,1646.876
Russia,1994,1646.876,11.112,2084.157,1866.525,1963.458,2407.642,-11.76780380653889,1.7301127944719513e-09,6,1618.286
Russia,1995,1618.286,10.913,1900.5574,1646.876,1866.525,1963.458,-1.736014126139429,1.681660765358234e-09,6,1586.633
Russia,1996,1586.633,10.714,1736.3556,1618.286,1646.876,1866.525,-1.9559583411090544,1.960535097352445e-09,6,1481.964
Russia,1997,1481.964,10.023,1640.0567999999998,1586.633,1618.286,1646.876,-6.596925691070343,1.4919180154995444e-09,6,1465.859
Russia,1998,1465.859,9.929,1559.9236,1481.964,1586.633,1618.286,-1.0867335508824794,1.5415653606943212e-09,6,1494.088
Russia,1999,1494.088,10.147,1529.366,1465.859,1481.964,1586.633,1.9257650292422437,1.4615530498426871e-09,6,1480.576
Russia,2000,1480.576,10.091,1501.824,1494.088,1465.859,1481.964,-0.9043644015613528,1.2519754246657115e-09,6,1518.081
Russia,2001,1518.081,10.389,1488.1136,1480.576,1494.088,1465.859,2.533135752571969,1.1835099576364735e-09,6,1508.33
Russia,2002,1508.33,10.335,1493.3867999999998,1518.081,1480.576,1494.088,-0.6423240920609641,1.0825941543310182e-09,6,1539.006
Russia,2003,1539.006,10.556,1508.0162,1508.33,1518.081,1480.576,2.033772450325877,1.0287932409698735e-09,6,1545.353
Russia,2004,1545.353,10.644,1518.2692000000002,1539.006,1508.33,1518.081,0.4124090484377563,9.237611141114355e-10,6,1563.98
Russia,2005,1563.98,10.816,1534.95,1545.353,1539.006,1508.33,1.2053556695460488,8.786944962104744e-10,6,1623.428
Russia,2006,1623.428,11.266,1556.0194,1563.98,1545.353,1539.006,3.801071624956842,8.260541039720921e-10,6,1624.315
Russia,2007,1624.315,11.291,1579.2164,1623.428,1563.98,1545.353,0.0546374708333186,7.683025085043118e-10,6,1652.731
Russia,2008,1652.731,11.492,1601.9614,1624.315,1623.428,1563.98,1.7494143685184094,7.049793608885777e-10,6,1545.236
Russia,2009,1545.236,10.741,1601.938,1652.731,1624.315,1623.428,-6.504083241616443,7.74710384426137e-10,6,1633.147
Russia,2010,1633.147,11.346,1615.7714,1545.236,1652.731,1624.315,5.689163338156744,7.941787559344302e-10,6,1684.989
Russia,2011,1684.989,11.698,1628.0836000000002,1633.147,1545.236,1652.731,3.174362136415154,6.893554017152926e-10,6,1700.104
Russia,2012,1700.104,11.782,1643.2414,1684.989,1633.147,1545.236,0.8970384969872125,7.367418546913567e-10,6,1637.547
Russia,2013,1637.547,11.324,1640.2046000000005,1700.104,1684.989,1633.147,-3.6795984245669655,6.775817449128957e-10,6,1637.311
Russia,2014,1637.311,11.298,1658.6196,1637.547,1700.104,1684.989,-0.0144118000887982,6.432126992706112e-10,6,1635.244
Russia,2015,1635.244,11.254,1659.039,1637.311,1637.547,1700.104,-0.1262435786481663,7.339336268168242e-10,6,1629.328
Russia,2016,1629.328,11.177,1647.9068,1635.244,1637.311,1637.547,-0.3617808718454185,7.350837120961788e-10,6,1661.012
Russia,2017,1661.012,11.362,1640.0884,1629.328,1635.244,1637.311,1.9446053833236832,7.26094746666965e-10,6,1709.91
Russia,2018,1709.91,11.677,1654.561,1661.012,1629.328,1635.244,2.9438679551984093,6.981998541635861e-10,6,1704.459
Russia,2019,1704.459,11.632,1667.9906000000003,1709.91,1661.012,1629.328,-0.3187887081776197,6.805025061643918e-10,6,1631.902
Russia,2020,1631.902,11.149,1667.3222,1704.459,1709.91,1661.012,-4.256893242958615,6.600549136784606e-10,6,1674.524
Russia,2021,1674.524,11.482,1676.3614000000002,1631.902,1704.459,1709.91,2.61179899283166,6.531482688319666e-10,6,1675.461
Russia,2022,1675.461,11.509,1679.2512,1674.524,1631.902,1704.459,0.0559562000903124,6.969934989679132e-10,6,1733.135
South Africa,1993,320.353,7.399,315.1615,301.329,326.03,312.934,6.3133651258259205,1.825763398211945e-09,7,338.701
South Africa,1994,338.701,7.697,319.8694,320.353,301.329,326.03,5.7274319266559015,1.783986191504154e-09,7,361.712
South Africa,1995,361.712,8.121,329.625,338.701,320.353,301.329,6.793897862716669,1.7864154695020395e-09,7,363.732
South Africa,1996,363.732,8.061,337.16540000000003,361.712,338.701,320.353,0.5584553456893904,1.6817935657613539e-09,7,385.215
South Africa,1997,385.215,8.435,353.9426,363.732,361.712,338.701,5.906271650555883,1.67153823796349e-09,7,377.273
South Africa,1998,377.273,8.162,365.3266,385.215,363.732,361.712,-2.0617058006567657,1.6068324690943414e-09,7,374.869
South Africa,1999,374.869,8.022,372.5602,377.273,385.215,363.732,-0.6372043586474474,1.5246216083748914e-09,7,378.333
South Africa,2000,378.333,8.022,375.8844,374.869,377.273,385.215,0.9240561369438404,1.4242452407340242e-09,7,371.602
South Africa,2001,371.602,7.812,377.4584,378.333,374.869,377.273,-1.7791205102383525,1.3271981032322359e-09,7,356.501
South Africa,2002,356.501,7.424,371.7156,371.602,378.333,374.869,-4.063756384518924,1.2049425103738534e-09,7,404.406
South Africa,2003,404.406,8.338,377.1422,356.501,371.602,378.333,13.437549964796736,1.2620166540451416e-09,7,449.322
South Africa,2004,449.322,9.171,392.0328,404.406,356.501,371.602,11.10666013857362,1.2889096296572741e-09,7,416.205
South Africa,2005,416.205,8.41,399.6072,449.322,404.406,356.501,-7.370438126777678,1.1257604375597656e-09,7,446.744
South Africa,2006,446.744,8.935,414.6356,416.205,449.322,404.406,7.33748993885226,1.1119053721055928e-09,7,465.034
South Africa,2007,465.034,9.203,436.3422000000001,446.744,416.205,449.322,4.094067295811454,1.0833347671188478e-09,7,494.673
South Africa,2008,494.673,9.678,454.3956,465.034,446.744,416.205,6.373512474356713,1.073069899927089e-09,7,474.512
South Africa,2009,474.512,9.173,459.4336,494.673,465.034,446.744,-4.075621673307417,1.021573883507388e-09,7,467.353
South Africa,2010,467.353,8.928,469.6632,474.512,494.673,465.034,-1.5087078935833054,9.453809671452867e-10,7,474.273
South Africa,2011,474.273,8.949,475.169,467.353,474.512,494.673,1.4806794863839512,8.993472201325298e-10,7,461.438
South Africa,2012,461.438,8.58,474.4498,474.273,467.353,474.512,-2.70624724578461,8.652635021110864e-10,7,456.188
South Africa,2013,456.188,8.343,466.7528,461.438,474.273,467.353,-1.1377476497384298,8.346007792259725e-10,7,481.638
South Africa,2014,481.638,8.663,468.178,456.188,461.438,474.273,5.578840302682231,8.600766822624958e-10,7,457.473
South Africa,2015,457.473,8.065,466.20200000000006,481.638,456.188,461.438,-5.017253622014872,8.111425095360216e-10,7,457.05
South Africa,2016,457.05,7.982,462.7574,457.473,481.638,456.188,-0.0924644733131807,8.019150405716851e-10,7,440.01
South Africa,2017,440.01,7.634,458.4718,457.05,457.473,481.638,-3.728257302264526,7.72040397887436e-10,7,453.766
South Africa,2018,453.766,7.742,457.9874,440.01,457.05,457.473,3.126292584259449,7.789721419184454e-10,7,470.727
South Africa,2019,470.727,7.9,455.8052,453.766,440.01,457.05,3.7378296302499336,8.00402815404313e-10,7,435.298
South Africa,2020,435.298,7.188,451.3702,470.727,453.766,440.01,-7.526443140079064,8.009522451920765e-10,7,439.464
South Africa,2021,439.464,7.145,447.853,435.298,470.727,453.766,0.9570455182426718,7.69591062420389e-10,7,428.782
South Africa,2022,428.782,6.874,445.6074,439.464,435.298,470.727,-2.430688293011496,7.370909092491353e-10,7,436.604
United Kingdom,1993,579.613,10.017,596.20425,593.846,609.413,601.945,-2.3967493255827144,4.877548954164692e-10,8,574.017
United Kingdom,1994,574.017,9.896,591.7668000000001,579.613,593.846,609.413,-0.965471788935035,4.6471517095519763e-10,8,566.159
United Kingdom,1995,566.159,9.735,584.6096,574.017,579.613,593.846,-1.3689490032525289,4.563822587372485e-10,8,586.761
United Kingdom,1996,586.761,10.065,580.0791999999999,566.159,574.017,579.613,3.638907091470767,4.598422016685241e-10,8,562.708
United Kingdom,1997,562.708,9.628,573.8516,586.761,566.159,574.017,-4.099284035578366,4.266072133251236e-10,8,568.544
United Kingdom,1998,568.544,9.698,571.6378000000001,562.708,586.761,566.159,1.0371276043702915,4.086985624136265e-10,8,561.65
United Kingdom,1999,561.65,9.546,569.1643999999999,568.544,562.708,586.761,-1.212571058704337,3.8754167611021644e-10,8,569.034
United Kingdom,2000,569.034,9.635,569.7393999999999,561.65,568.544,562.708,1.3146977655123404,3.7599441675144073e-10,8,577.971
United Kingdom,2001,577.971,9.749,567.9813999999999,569.034,561.65,568.544,1.5705564166640371,3.6878909191011545e-10,8,560.273
United Kingdom,2002,560.273,9.41,567.4944,577.971,569.034,561.65,-3.0620913506040903,3.4956854310875223e-10,8,571.619
United Kingdom,2003,571.619,9.556,568.1093999999999,560.273,577.971,569.034,2.025084200023919,3.422580248269256e-10,8,573.43
United Kingdom,2004,573.43,9.53,570.4654,571.619,560.273,577.971,0.3168194199282936,3.343472696034073e-10,8,570.338
United Kingdom,2005,570.338,9.412,570.7262,573.43,571.619,560.273,-0.5392114120293612,3.3070742496710287e-10,8,567.846
United Kingdom,2006,567.846,9.301,568.7012,570.338,573.43,571.619,-0.4369338883258633,3.1445768186032493e-10,8,559.566
United Kingdom,2007,559.566,9.093,568.5598,567.846,570.338,573.43,-1.4581418201413676,2.9876811540671506e-10,8,544.932
United Kingdom,2008,544.932,8.785,563.2224,559.566,567.846,570.338,-2.615241097564902,2.898609789341125e-10,8,494.108
United Kingdom,2009,494.108,7.905,547.358,544.932,559.566,567.846,-9.326668281547056,2.7661759297647004e-10,8,511.905
United Kingdom,2010,511.905,8.125,535.6714,494.108,544.932,559.566,3.60184413124256,2.7785223662592307e-10,8,469.713
United Kingdom,2011,469.713,7.396,516.0448,511.905,494.108,544.932,-8.242154305974736,2.5440580371489947e-10,8,487.477
United Kingdom,2012,487.477,7.622,501.627,469.713,511.905,494.108,3.781883831190536,2.5935183729468964e-10,8,477.611
United Kingdom,2013,477.611,7.418,488.16280000000006,487.477,469.713,511.905,-2.023890357904057,2.4898218955918556e-10,8,438.807
United Kingdom,2014,438.807,6.765,477.1026,477.611,487.477,469.713,-8.12460349531312,2.2400653072629843e-10,8,422.461
United Kingdom,2015,422.461,6.461,459.2138,438.807,477.611,487.477,-3.7251001009555473,2.1379959246840307e-10,8,399.43
United Kingdom,2016,399.43,6.062,445.1572,422.461,438.807,477.611,-5.451627487507727,1.9933254482241798e-10,8,387.367
United Kingdom,2017,387.367,5.838,425.13520000000005,399.43,422.461,438.807,-3.020053576346293,1.8816454646696726e-10,8,379.73
United Kingdom,2018,379.73,5.689,405.559,387.367,399.43,422.461,-1.9715153846352476,1.8401081614465967e-10,8,364.753
United Kingdom,2019,364.753,5.435,390.7482,379.73,387.367,399.43,-3.944118189239732,1.729968302719046e-10,8,326.263
United Kingdom,2020,326.263,4.844,371.5086,364.753,379.73,387.367,-10.55234638234641,1.7636340757382438e-10,8,342.366
United Kingdom,2021,342.366,5.059,360.09579999999994,326.263,364.753,379.73,4.935588773474153,1.6948080494945292e-10,8,311.118
United Kingdom,2022,311.118,4.563,344.846,342.366,326.263,364.753,-9.12707453427034,1.4994165132747249e-10,8,307.826
United States,1993,5279.52,20.102,5166.616,5178.77,5076.413,5131.761,1.9454426437165664,6.676352270491111e-10,9,5361.863
United States,1994,5361.863,20.197,5205.6654,5279.52,5178.77,5076.413,1.5596683031790848,6.548034444011098e-10,9,5425.837
United States,1995,5425.837,20.23,5264.4806,5361.863,5279.52,5178.77,1.1931300743790008,6.33256998255044e-10,9,5601.094
United States,1996,5601.094,20.679,5369.416800000001,5425.837,5361.863,5279.52,3.2300454289356573,6.252140880645509e-10,9,5673.144
United States,1997,5673.144,20.745,5468.2916000000005,5601.094,5425.837,5361.863,1.286355844054743,6.052808127085062e-10,9,5736.36
United States,1998,5736.36,20.775,5559.659600000001,5673.144,5601.094,5425.837,1.11430275698976,5.82974494833739e-10,9,5800.281
United States,1999,5800.281,20.806,5647.3432,5736.36,5673.144,5601.094,1.1143129092316515,5.639689097041783e-10,9,6023.158
United States,2000,6023.158,21.398,5766.8074,5800.281,5736.36,5673.144,3.84252073304725,5.574269799607101e-10,9,5903.562
United States,2001,5903.562,20.767,5827.301,6023.158,5800.281,5736.36,-1.9856029013351597,5.336121601553293e-10,9,5947.819
United States,2002,5947.819,20.718,5882.236,5903.562,6023.158,5800.281,0.7496660490734275,5.304673262878924e-10,9,6006.44
United States,2003,6006.44,20.718,5936.252,5947.819,5903.562,6023.158,0.9855881626525508,5.296027075290773e-10,9,6111.545
United States,2004,6111.545,20.874,5998.504800000001,6006.44,5947.819,5903.562,1.7498718042634254,5.151569194691008e-10,9,6126.903
United States,2005,6126.903,20.719,6019.2538,6111.545,6006.44,5947.819,0.2512948853358621,5.062619584837751e-10,9,6045.326
United States,2006,6045.326,20.237,6047.6066,6126.903,6111.545,6006.44,-1.331455712616969,4.689545289586359e-10,9,6121.542
United States,2007,6121.542,20.28,6082.3512,6045.326,6126.903,6111.545,1.26074259684259,4.683643043312931e-10,9,5919.221
United States,2008,5919.221,19.409,6064.9074,6121.542,6045.326,6126.903,-3.3050659458025544,4.6272090783979115e-10,9,5486.104
United States,2009,5486.104,17.811,5939.8192,5919.221,6121.542,6045.326,-7.317128385643978,4.42540131859492e-10,9,5669.25
United States,2010,5669.25,18.225,5848.2886,5486.104,5919.221,6121.542,3.3383617955474287,4.477498716067199e-10,9,5538.973
United States,2011,5538.973,17.634,5747.018,5669.25,5486.104,5919.221,-2.2979582837236,4.2148134442931276e-10,9,5331.467
United States,2012,5331.467,16.812,5589.003,5538.973,5669.25,5486.104,-3.746290151621978,4.0355970192496303e-10,9,5473.436
United States,2013,5473.436,17.099,5499.846,5331.467,5538.973,5669.25,2.662850581275289,4.024609138562878e-10,9,5531.385
United States,2014,5531.385,17.119,5508.9022,5473.436,5331.467,5538.973,1.0587316632550523,4.008634481314279e-10,9,5368.497
United States,2015,5368.497,16.461,5448.7516,5531.385,5473.436,5331.467,-2.94479592362491,3.783459962363574e-10,9,5245.362
United States,2016,5245.362,15.935,5390.0294,5368.497,5531.385,5473.436,-2.293658727945646,3.663526668584631e-10,9,5195.417
United States,2017,5195.417,15.639,5362.8194,5245.362,5368.497,5531.385,-0.95217451150178,3.5892197311597104e-10,9,5361.236
United States,2018,5361.236,16.001,5340.3794,5195.417,5245.362,5368.497,3.1916398625942755,3.567915375016544e-10,9,5235.912
United States,2019,5235.912,15.5,5281.284799999999,5361.236,5195.417,5245.362,-2.337595285863181,3.430742924918231e-10,9,4689.954
United States,2020,4689.954,13.817,5145.5762,5235.912,5361.236,5195.417,-10.427180594326268,3.194286962588083e-10,9,5020.111
United States,2021,5020.111,14.758,5100.526,4689.954,5235.912,5361.236,7.039663928473505,3.210119694659186e-10,9,5055.403
United States,2022,5055.403,14.802,5072.5232,5020.111,4689.954,5235.912,0.7030123437509639,3.181372727899478e-10,9,4918.407
